scenario,year,individual_membership_revenue,enterprise_contract_revenue,pilot_event_revenue,add_on_revenue,total_revenue,direct_costs,occupancy,sales_marketing,general_admin,ebitda
Conservative,1,520000,360000,140000,59000,1079000,356000,300000,140000,260000,23000
Conservative,2,850000,850000,250000,118000,2068000,641000,330000,210000,390000,497000
Conservative,3,1150000,1450000,400000,211000,3211000,963000,360000,285000,505000,1098000
Base,1,718000,600000,240000,100000,1658000,497400,300000,199000,365000,296600
Base,2,1280000,1800000,360000,200000,3640000,1019200,330000,328000,590000,1372800
Base,3,1835000,3300000,480000,350000,5965000,1610550,360000,477000,805000,2712450
Growth,1,925000,1200000,300000,150000,2575000,772500,320000,310000,490000,682500
Growth,2,1800000,3300000,540000,300000,5940000,1603800,360000,535000,850000,2591200
Growth,3,2850000,6000000,750000,550000,10150000,2639000,410000,812000,1240000,5049000
